{
    "name": "Simple_fsm",
    "comment": "Tests transitions, where there are multiple transitions from a single state each triggered by different input and/or value.",
    "inputs": [
        "in1",
        "in2",
        "in3",
        "in4"
    ],
    "outputs": [
        "out"
    ],
    "variables": [
        {
            "name": "time",
            "type": "int",
            "init": 3000
        },
        {
            "name": "mode",
            "type": "string",
            "init": "automatic"
        }
    ],
    "states": [
        {
            "id": "1",
            "initial": true
        },
        {
            "id": "2"
        },
        {
            "id": "3"
        },
        {
            "id": "4"
        }
    ],
    "transitions": [
        {
            "from": "1",
            "to": "2",
            "trigger": "in1",
            "guard": "atoi(valueof(\"in1\"))==0",
            "delay_ms": 10
        },
        {
            "from": "2",
            "to": "3",
            "trigger": "in2",
            "guard": "atoi(valueof(\"in2\"))==0",
            "delay_ms": 200
        },
        {
            "from": "3",
            "to": "1",
            "trigger": "in3",
            "guard": "atoi(valueof(\"in3\"))==1",
            "delay_ms": "time"
        },
        {
            "from": "2",
            "to": "4",
            "trigger": "in2",
            "guard": "atoi(valueof(\"in2\"))==1",
            "delay_ms": 20
        },
        {
            "from": "4",
            "to": "4",
            "trigger": "in4",
            "guard": "atoi(valueof(\"in4\"))==0",
            "delay_ms": 100
        },
        {
            "from": "4",
            "to": "2",
            "trigger": "in4",
            "guard": "atoi(valueof(\"in4\"))==2",
            "delay_ms": 500
        },
        {
            "from": "1",
            "to": "4",
            "trigger": "in1",
            "guard": "atoi(valueof(\"in1\")) == 10 && valueof(\"mode\") == \"automatic\"",
            "delay_ms": 0
        }
    ]
}
