{
    "name": "Finite counter automaton",
    "comment": "Counts occurances of x, y and z characters, reaches final state when encountering other character and outputs final counts.",
    "inputs": [
        "in"
    ],
    "outputs": [
        "x_cnt",
        "y_cnt",
        "z_cnt"
    ],
    "variables": [
        {
            "name": "x",
            "type": "int",
            "init": 0
        },
        {
            "name": "y",
            "type": "int",
            "init": 0
        },
        {
            "name": "z",
            "type": "int",
            "init": 0
        }
    ],
    "states": [
        {
            "id": "START",
            "initial": true
        },
        {
            "id": "COUNTING",
            "onEnter": "if(valueof(\"in\") == \"x\"){\n    x++;\n}\nif(valueof(\"in\") == \"y\"){\n    y++;\n}\nif(valueof(\"in\") == \"z\"){\n    z++;\n}\n"
        },
        {
            "id": "END",
            "onEnter": "output(\"x_cnt\", x);\noutput(\"y_cnt\", y);\noutput(\"z_cnt\", z);"
        }
    ],
    "transitions": [
        {
            "from": "START",
            "to": "COUNTING",
            "trigger": "in",
            "guard": "valueof(\"in\") == \"x\" || valueof(\"in\") == \"y\" || valueof(\"in\") == \"z\""
        },
        {
            "from": "START",
            "to": "END",
            "trigger": "in",
            "guard": "valueof(\"in\") != \"x\" && valueof(\"in\") != \"y\" && valueof(\"in\") != \"z\""
        },
        {
            "from": "COUNTING",
            "to": "END",
            "trigger": "in",
            "guard": "valueof(\"in\") != \"x\" && valueof(\"in\") != \"y\" && valueof(\"in\") != \"z\""
        },
        {
            "from": "COUNTING",
            "to": "COUNTING",
            "trigger": "in",
            "guard": "valueof(\"in\") == \"x\" || valueof(\"in\") == \"y\" || valueof(\"in\") == \"z\""
        }
    ]
}
