{
    "name": "TOF5s",
    "comment": "Timer to off, jednoduchá verze.",
    "inputs": [
        "in"
    ],
    "outputs": [
        "out"
    ],
    "variables": [
        {
            "name": "timeout",
            "type": "int",
            "init": 5000
        }
    ],
    "states": [
        {
            "id": "IDLE",
            "initial": true,
            "onEnter": "timing = 5000;\n"
        },
        {
            "id": "ACTIVE",
            "onEnter": "timing = 5000;\n"
        },
        {
            "id": "TIMING",
            "onEnter": "timing = 5000;\n"
        },
        {
            "id": "HELLO",
            "onEnter": "timing = 5000;\n"
        }
    ],
    "transitions": [
        {
            "from": "IDLE",
            "to": "ACTIVE",
            "trigger": "in",
            "guard": "atoi(valueof(\"in\"))==1"
        },
        {
            "from": "ACTIVE",
            "to": "TIMING",
            "trigger": "in",
            "guard": "atoi(valueof(\"in\"))==0"
        },
        {
            "from": "TIMING",
            "to": "ACTIVE",
            "trigger": "in",
            "guard": "atoi(valueof(\"in\"))==1"
        },
        {
            "from": "TIMING",
            "to": "IDLE",
            "delay_ms": "timeout"
        },
        {
            "from": "ACTIVE",
            "to": "HELLO",
            "trigger": "in",
            "guard": "atoi(valueof(\"in\"))==2",
            "delay_ms": 0
        },
        {
            "from": "HELLO",
            "to": "IDLE",
            "trigger": "in",
            "guard": "atoi(valueof(\"in\"))==2",
            "delay_ms": 0
        }
    ]
}
